{"IcoMoonType":"selection","icons":[{"icon":{"paths":["M768 639.968l-182.82-182.822 438.82-329.15-128.010-127.996-548.52 219.442-172.7-172.706c-49.78-49.778-119.302-61.706-154.502-26.508-35.198 35.198-23.268 104.726 26.51 154.5l172.686 172.684-219.464 548.582 127.99 128.006 329.19-438.868 182.826 182.828v255.98h127.994l63.992-191.988 191.988-63.996v-127.992l-255.98 0.004z"],"attrs":[],"isMulticolor":false,"isMulticolor2":false,"tags":["airplane","travel","flight","plane","transport","fly","vacation"],"defaultCode":59823,"grid":16},"attrs":[],"properties":{"ligatures":"airplane, travel","name":"airplane","id":175,"order":4,"prevSize":32,"code":59823},"setIdx":0,"setId":0,"iconIdx":175},{"icon":{"paths":["M64 192h896v192h-896zM64 448h896v192h-896zM64 704h896v192h-896z"],"attrs":[],"isMulticolor":false,"isMulticolor2":false,"tags":["menu","list","options","lines","hamburger"],"defaultCode":59837,"grid":16},"attrs":[],"properties":{"ligatures":"menu, list3","name":"menu","id":189,"order":3,"prevSize":32,"code":59837},"setIdx":0,"setId":0,"iconIdx":189},{"icon":{"paths":["M0 192h896v192h-896v-192zM0 448h896v192h-896v-192zM0 704h896v192h-896v-192z","M992 576l192 192 192-192z","M1376 512l-192-192-192 192z"],"width":1408,"attrs":[],"isMulticolor":false,"isMulticolor2":false,"tags":["menu","options","hamburger"],"defaultCode":59838,"grid":16},"attrs":[],"properties":{"ligatures":"menu2, options2","name":"menu2","id":190,"order":5,"prevSize":32,"code":59838},"setIdx":0,"setId":0,"iconIdx":190},{"icon":{"paths":["M0 192h896v192h-896v-192zM0 448h896v192h-896v-192zM0 704h896v192h-896v-192z","M992 448l192 192 192-192z"],"width":1408,"attrs":[],"isMulticolor":false,"isMulticolor2":false,"tags":["menu","options","hamburger"],"defaultCode":59839,"grid":16},"attrs":[],"properties":{"ligatures":"menu3, options3","name":"menu3","id":191,"order":6,"prevSize":32,"code":59839},"setIdx":0,"setId":0,"iconIdx":191}],"height":1024,"metadata":{"name":"icomoon"},"preferences":{"showGlyphs":true,"showCodes":true,"showQuickUse":true,"showQuickUse2":true,"showSVGs":true,"fontPref":{"prefix":"icon-","metadata":{"fontFamily":"icomoon"},"metrics":{"emSize":1024,"baseline":6.25,"whitespace":50},"embed":false},"imagePref":{"prefix":"icon-","png":true,"useClassSelector":true,"color":0,"bgColor":16777215},"historySize":50}}